"","v","J","theta","S"
"1",0.001,50,0.1,1.43277627095053
"2",0.011,50,1.1,4.78249506828015
"3",0.021,50,2.1,7.26222283894579
"4",0.031,50,3.1,9.30373467432715
"5",0.041,50,4.1,11.0595715688461
"6",0.051,50,5.1,12.6073954806381
"7",0.061,50,6.1,13.9940631827952
"8",0.071,50,7.1,15.2507971898517
"9",0.081,50,8.1,16.3998081159279
"10",0.091,50,9.1,17.4576455004616
"11",0.101,50,10.1,18.4370747581498
"12",0.111,50,11.1,19.3482099832116
"13",0.121,50,12.1,20.1992378801377
"14",0.131,50,13.1,20.9969018350445
"15",0.141,50,14.1,21.7468377247523
"16",0.151,50,15.1,22.4538140783627
"17",0.161,50,16.1,23.1219082956152
"18",0.171,50,17.1,23.7546388077699
"19",0.181,50,18.1,24.3550660865991
"20",0.191,50,19.1,24.9258711267151
"21",0.201,50,20.1,25.4694173150725
"22",0.211,50,21.1,25.9877998345625
"23",0.221,50,22.1,26.4828855680514
"24",0.231,50,23.1,26.9563456627267
"25",0.241,50,24.1,27.4096823526345
"26",0.251,50,25.1,27.8442512386471
"27",0.261,50,26.1,28.261279937711
"28",0.271,50,27.1,28.661883802992
"29",0.281,50,28.1,29.0470792606622
"30",0.291,50,29.1,29.4177951920841
"31",0.301,50,30.1,29.7748827013459
"32",0.311,50,31.1,30.1191235399893
"33",0.321,50,32.1,30.451237408023
"34",0.331,50,33.1,30.7718883090967
"35",0.341,50,34.1,31.0816901052386
"36",0.351,50,35.1,31.3812113907668
"37",0.361,50,36.1,31.6709797843625
"38",0.371,50,37.1,31.9514857216812
"39",0.381,50,38.1,32.2231858174161
"40",0.391,50,39.1,32.4865058547497
"41",0.401,50,40.1,32.7418434511336
"42",0.411,50,41.1,32.9895704419106
"43",0.421,50,42.1,33.2300350171502
"44",0.431,50,43.1,33.4635636419486
"45",0.441,50,44.1,33.6904627861628
"46",0.451,50,45.1,33.9110204859558
"47",0.461,50,46.1,34.1255077564948
"48",0.471,50,47.1,34.3341798725794
"49",0.481,50,48.1,34.5372775317937
"50",0.491,50,49.1,34.7350279129164
"51",0.501,50,50.1,34.9276456407294
"52",0.511,50,51.1,35.1153336670019
"53",0.521,50,52.1,35.2982840762446
"54",0.531,50,53.1,35.4766788238171
"55",0.541,50,54.1,35.6506904130875
"56",0.551,50,55.1,35.8204825175801
"57",0.561,50,56.1,35.9862105533801
"58",0.571,50,57.1,36.1480222064826
"59",0.581,50,58.1,36.3060579192662
"60",0.591,50,59.1,36.4604513398213
"61",0.601,50,60.1,36.6113297374749
"62",0.611,50,61.1,36.758814387505
"63",0.621,50,62.1,36.9030209277346
"64",0.631,50,63.1,37.0440596894221
"65",0.641,50,64.1,37.1820360046298
"66",0.651,50,65.1,37.3170504920348
"67",0.661,50,66.1,37.4491993229631
"68",0.671,50,67.1,37.5785744692512
"69",0.681,50,68.1,37.7052639343992
"70",0.691,50,69.1,37.8293519693348
"71",0.701,50,70.1,37.9509192739928
"72",0.711,50,71.1,38.0700431858074
"73",0.721,50,72.1,38.1867978561118
"74",0.731,50,73.1,38.3012544153577
"75",0.741,50,74.1,38.4134811279867
"76",0.751,50,75.1,38.5235435377128
"77",0.761,50,76.1,38.6315046039136
"78",0.771,50,77.1,38.7374248297688
"79",0.781,50,78.1,38.8413623827301
"80",0.791,50,79.1,38.9433732078624
"81",0.801,50,80.1,39.0435111345508
"82",0.811,50,81.1,39.1418279770263
"83",0.821,50,82.1,39.2383736291332
"84",0.831,50,83.1,39.3331961537227
"85",0.841,50,84.1,39.4263418670296
"86",0.851,50,85.1,39.5178554183635
"87",0.861,50,86.1,39.6077798654173
"88",0.871,50,87.1,39.6961567454769
"89",0.881,50,88.1,39.783026142793
"90",0.891,50,89.1,39.8684267523564
"91",0.001,150,0.3,2.55354814502064
"92",0.011,150,3.3,13.1812202684718
"93",0.021,150,6.3,20.7237534402537
"94",0.031,150,9.3,26.8989353183204
"95",0.041,150,12.3,32.2009596096257
"96",0.051,150,15.3,36.8717285466578
"97",0.061,150,18.3,41.0550321921035
"98",0.071,150,21.3,44.8459881677986
"99",0.081,150,24.3,48.3119836525128
"100",0.091,150,27.3,51.5031043146869
"101",0.101,150,30.3,54.4579205367141
"102",0.111,150,33.3,57.2069580246503
"103",0.121,150,36.3,59.7749063122867
"104",0.131,150,39.3,62.1820910211947
"105",0.141,150,42.3,64.4454928870921
"106",0.151,150,45.3,66.579475288445
"107",0.161,150,48.3,68.5963173585537
"108",0.171,150,51.3,70.5066133904313
"109",0.181,150,54.3,72.3195778404368
"110",0.191,150,57.3,74.0432821498918
"111",0.201,150,60.3,75.6848413336407
"112",0.211,150,63.3,77.2505629055068
"113",0.221,150,66.3,78.7460671223865
"114",0.231,150,69.3,80.1763850808181
"115",0.241,150,72.3,81.5460394960576
"116",0.251,150,75.3,82.8591117862671
"117",0.261,150,78.3,84.1192982147267
"118",0.271,150,81.3,85.3299572072162
"119",0.281,150,84.3,86.4941494906613
"120",0.291,150,87.3,87.6146723457853
"121",0.301,150,90.3,88.6940889984232
"122",0.311,150,93.3,89.7347539686167
"123",0.321,150,96.3,90.738835037505
"124",0.331,150,99.3,91.7083323677337
"125",0.341,150,102.3,92.6450952152131
"126",0.351,150,105.3,93.5508365923416
"127",0.361,150,108.3,94.4271461806639
"128",0.371,150,111.3,95.2755017409016
"129",0.381,150,114.3,96.097279227748
"130",0.391,150,117.3,96.8937617837702
"131",0.401,150,120.3,97.6661477596626
"132",0.411,150,123.3,98.4155578857604
"133",0.421,150,126.3,99.1430417012189
"134",0.431,150,129.3,99.8495833318625
"135",0.441,150,132.3,100.536106694824
"136",0.451,150,135.3,101.203480197275
"137",0.461,150,138.3,101.852520987441
"138",0.471,150,141.3,102.48399880834
"139",0.481,150,144.3,103.098639498157
"140",0.491,150,147.3,103.697128175551
"141",0.501,150,150.3,104.280112143384
"142",0.511,150,153.3,104.848203540306
"143",0.521,150,156.3,105.40198176601
"144",0.531,150,159.3,105.941995703002
"145",0.541,150,162.3,106.468765754995
"146",0.551,150,165.3,106.982785719807
"147",0.561,150,168.3,107.484524512607
"148",0.571,150,171.3,107.974427753582
"149",0.581,150,174.3,108.452919232639
"150",0.591,150,177.3,108.920402262318
"151",0.601,150,180.3,109.377260929007
"152",0.611,150,183.3,109.823861251427
"153",0.621,150,186.3,110.260552254502
"154",0.631,150,189.3,110.68766696588
"155",0.641,150,192.3,111.105523341652
"156",0.651,150,195.3,111.5144251272
"157",0.661,150,198.3,111.914662658516
"158",0.671,150,201.3,112.306513608824
"159",0.681,150,204.3,112.69024368491
"160",0.691,150,207.3,113.066107277119
"161",0.701,150,210.3,113.43434806667
"162",0.711,150,213.3,113.795199593551
"163",0.721,150,216.3,114.148885788022
"164",0.731,150,219.3,114.495621468455
"165",0.741,150,222.3,114.83561280801
"166",0.751,150,225.3,115.169057772451
"167",0.761,150,228.3,115.496146531176
"168",0.771,150,231.3,115.817061843407
"169",0.781,150,234.3,116.131979421275
"170",0.791,150,237.3,116.441068271451
"171",0.801,150,240.3,116.744491016779
"172",0.811,150,243.3,117.04240419931
"173",0.821,150,246.3,117.334958565978
"174",0.831,150,249.3,117.622299338096
"175",0.841,150,252.3,117.904566465741
"176",0.851,150,255.3,118.18189486802
"177",0.861,150,258.3,118.454414660134
"178",0.871,150,261.3,118.722251368099
"179",0.881,150,264.3,118.985526131897
"180",0.891,150,267.3,119.244355897795
"181",0.001,250,0.5,3.74248580527423
"182",0.011,250,5.5,21.6159407054478
"183",0.021,250,10.5,34.2056527374141
"184",0.031,250,15.5,44.5081752392427
"185",0.041,250,20.5,53.3530157848957
"186",0.051,250,25.5,61.1446439815119
"187",0.061,250,30.5,68.1231672029041
"188",0.071,250,35.5,74.4473206167854
"189",0.081,250,40.5,80.2295249822717
"190",0.091,250,45.5,85.5533210806907
"191",0.101,250,50.5,90.4830349678385
"192",0.111,250,55.5,95.0695722615789
"193",0.121,250,60.5,99.354104016915
"194",0.131,250,65.5,103.37052323984
"195",0.141,250,70.5,107.147144857068
"196",0.151,250,75.5,110.70791923503
"197",0.161,250,80.5,114.073321318992
"198",0.171,250,85.5,117.261016717693
"199",0.181,250,90.5,120.286370323529
"200",0.191,250,95.5,123.162841213601
"201",0.201,250,100.5,125.902293774737
"202",0.211,250,105.5,128.515246019922
"203",0.221,250,110.5,131.011070076971
"204",0.231,250,115.5,133.39815574655
"205",0.241,250,120.5,135.684045184572
"206",0.251,250,125.5,137.875544750068
"207",0.261,250,130.5,139.978818609104
"208",0.271,250,135.5,141.999467625039
"209",0.281,250,140.5,143.942596279854
"210",0.291,250,145.5,145.812869782023
"211",0.301,250,150.5,147.614563069394
"212",0.311,250,155.5,149.351603072782
"213",0.321,250,160.5,151.0276053407
"214",0.331,250,165.5,152.645905918418
"215",0.341,250,170.5,154.209589211316
"216",0.351,250,175.5,155.721512432902
"217",0.361,250,180.5,157.1843271343
"218",0.371,250,185.5,158.600498228532
"219",0.381,250,190.5,159.972320855388
"220",0.391,250,195.5,161.301935377517
"221",0.401,250,200.5,162.591340753229
"222",0.411,250,205.5,163.842406494261
"223",0.421,250,210.5,165.056883385882
"224",0.431,250,215.5,166.236413121081
"225",0.441,250,220.5,167.38253697905
"226",0.451,250,225.5,168.496703660199
"227",0.461,250,230.5,169.580276374675
"228",0.471,250,235.5,170.63453926853
"229",0.481,250,240.5,171.660703260704
"230",0.491,250,245.5,172.659911354686
"231",0.501,250,250.5,173.633243480705
"232",0.511,250,255.5,174.58172091748
"233",0.521,250,260.5,175.506310336627
"234",0.531,250,265.5,176.407927507744
"235",0.541,250,270.5,177.287440697758
"236",0.551,250,275.5,178.145673794313
"237",0.561,250,280.5,178.983409179611
"238",0.571,250,285.5,179.801390378207
"239",0.581,250,290.5,180.600324499731
"240",0.591,250,295.5,181.380884495239
"241",0.601,250,300.5,182.143711243941
"242",0.611,250,305.5,182.889415485338
"243",0.621,250,310.5,183.618579610241
"244",0.631,250,315.5,184.331759322796
"245",0.641,250,320.5,185.029485184468
"246",0.651,250,325.5,185.712264049826
"247",0.661,250,330.5,186.380580403058
"248",0.671,250,335.5,187.034897603286
"249",0.681,250,340.5,187.675659045988
"250",0.691,250,345.5,188.303289247182
"251",0.701,250,350.5,188.9181948564
"252",0.711,250,355.5,189.520765603942
"253",0.721,250,360.5,190.11137518743
"254",0.731,250,365.5,190.690382102218
"255",0.741,250,370.5,191.258130419845
"256",0.751,250,375.5,191.814950518324
"257",0.761,250,380.5,192.361159767796
"258",0.771,250,385.5,192.897063174722
"259",0.781,250,390.5,193.422953987567
"260",0.791,250,395.5,193.939114266679
"261",0.801,250,400.5,194.445815420835
"262",0.811,250,405.5,194.943318712747
"263",0.821,250,410.5,195.431875735633
"264",0.831,250,415.5,195.91172886279
"265",0.841,250,420.5,196.383111671969
"266",0.851,250,425.5,196.846249346198
"267",0.861,250,430.5,197.301359052585
"268",0.871,250,435.5,197.748650300536
"269",0.881,250,440.5,198.188325280665
"270",0.891,250,445.5,198.620579185647
"271",0.001,350,0.7,4.9549698193078
"272",0.011,350,7.7,30.0562884210123
"273",0.021,350,14.7,47.6905493348589
"274",0.031,350,21.7,62.1194496589398
"275",0.041,350,28.7,74.5066087688242
"276",0.051,350,35.7,85.4187921925846
"277",0.061,350,42.7,95.1923298834076
"278",0.071,350,49.7,104.049532937117
"279",0.081,350,56.7,112.147834554278
"280",0.091,350,63.7,119.604218755255
"281",0.101,350,70.7,126.508760085987
"282",0.111,350,77.7,132.932739475198
"283",0.121,350,84.7,138.933806415405
"284",0.131,350,91.7,144.559419152448
"285",0.141,350,98.7,149.849225266095
"286",0.151,350,105.7,154.83676097889
"287",0.161,350,112.7,159.550696196382
"288",0.171,350,119.7,164.01576718976
"289",0.181,350,126.7,168.253488777873
"290",0.191,350,133.7,172.282707270181
"291",0.201,350,140.7,176.120036101887
"292",0.211,350,147.7,179.780203522483
"293",0.221,350,154.7,183.276333315253
"294",0.231,350,161.7,186.620173806557
"295",0.241,350,168.7,189.822286443902
"296",0.251,350,175.7,192.892202401664
"297",0.261,350,182.7,195.838553642227
"298",0.271,350,189.7,198.669183375617
"299",0.281,350,196.7,201.391239760753
"300",0.291,350,203.7,204.011255866365
"301",0.301,350,210.7,206.535218283682
"302",0.311,350,217.7,208.968626303104
"303",0.321,350,224.7,211.316543195629
"304",0.331,350,231.7,213.583640849617
"305",0.341,350,238.7,215.774238784952
"306",0.351,350,245.7,217.892338385221
"307",0.361,350,252.7,219.941653043479
"308",0.371,350,259.7,221.925634800345
"309",0.381,350,266.7,223.847497958554
"310",0.391,350,273.7,225.710240080913
"311",0.401,350,280.7,227.516660715388
"312",0.411,350,287.7,229.269378138873
"313",0.421,350,294.7,230.970844368032
"314",0.431,350,301.7,232.623358649638
"315",0.441,350,308.7,234.229079612763
"316",0.451,350,315.7,235.790036239933
"317",0.461,350,322.7,237.308137793051
"318",0.471,350,329.7,238.785182811883
"319",0.481,350,336.7,240.22286728757
"320",0.491,350,343.7,241.622792100562
"321",0.501,350,350.7,242.986469801203
"322",0.511,350,357.7,244.315330801595
"323",0.521,350,364.7,245.610729039091
"324",0.531,350,371.7,246.873947164657
"325",0.541,350,378.7,248.106201303126
"326",0.551,350,385.7,249.308645427042
"327",0.561,350,392.7,250.482375381059
"328",0.571,350,399.7,251.628432589838
"329",0.581,350,406.7,252.747807478762
"330",0.591,350,413.7,253.841442633687
"331",0.601,350,420.7,254.910235723188
"332",0.611,350,427.7,255.95504220431
"333",0.621,350,434.7,256.976677830711
"334",0.631,350,441.7,257.975920980199
"335",0.641,350,448.7,258.953514816945
"336",0.651,350,455.7,259.9101693022
"337",0.661,350,462.7,260.846563065997
"338",0.671,350,469.7,261.763345151138
"339",0.681,350,476.7,262.661136639715
"340",0.691,350,483.7,263.54053217145
"341",0.701,350,490.7,264.402101362335
"342",0.711,350,497.7,265.246390131233
"343",0.721,350,504.7,266.073921941474
"344",0.731,350,511.7,266.885198963837
"345",0.741,350,518.7,267.680703166753
"346",0.751,350,525.7,268.460897339091
"347",0.761,350,532.7,269.226226050406
"348",0.771,350,539.7,269.97711655314
"349",0.781,350,546.7,270.713979630902
"350",0.791,350,553.7,271.437210396583
"351",0.801,350,560.7,272.147189043816
"352",0.811,350,567.7,272.844281554952
"353",0.821,350,574.7,273.52884036852
"354",0.831,350,581.7,274.201205008878
"355",0.841,350,588.7,274.861702680568
"356",0.851,350,595.7,275.510648829697
"357",0.861,350,602.7,276.148347674485
"358",0.871,350,609.7,276.775092706959
"359",0.881,350,616.7,277.39116716764
"360",0.891,350,623.7,277.996844494917
"361",0.001,450,0.9,6.17855690895153
"362",0.011,450,9.9,38.498537593648
"363",0.021,450,18.9,61.1764489402714
"364",0.031,450,27.9,79.7314034746838
"365",0.041,450,36.9,95.6607145562754
"366",0.051,450,45.9,109.693351607081
"367",0.061,450,54.9,122.261835283138
"368",0.071,450,63.9,133.652038651117
"369",0.081,450,72.9,144.066400276572
"370",0.091,450,81.9,153.655343448388
"371",0.101,450,90.9,162.53468880235
"372",0.111,450,99.9,170.796091041403
"373",0.121,450,108.9,178.51367706604
"374",0.131,450,117.9,185.74846964614
"375",0.141,450,126.9,192.551448501311
"376",0.151,450,135.9,198.96573533256
"377",0.161,450,144.9,205.028194721595
"378",0.171,450,153.9,210.770633384135
"379",0.181,450,162.9,216.220715895513
"380",0.191,450,171.9,221.402675663
"381",0.201,450,180.9,226.33787506225
"382",0.211,450,189.9,231.045252491671
"383",0.221,450,198.9,235.541683318167
"384",0.231,450,207.9,239.842274334297
"385",0.241,450,216.9,243.960606229452
"386",0.251,450,225.9,247.908934951504
"387",0.261,450,234.9,251.698360223653
"388",0.271,450,243.9,255.338967572277
"389",0.281,450,252.9,258.839948807194
"390",0.291,450,261.9,262.209704834884
"391",0.301,450,270.9,265.455933880407
"392",0.311,450,279.9,268.585707576682
"393",0.321,450,288.9,271.605536902229
"394",0.331,450,297.9,274.521429575315
"395",0.341,450,306.9,277.338940218674
"396",0.351,450,315.9,280.063214375624
"397",0.361,450,324.9,282.699027271936
"398",0.371,450,333.9,285.250818067588
"399",0.381,450,342.9,287.722720220873
"400",0.391,450,351.9,290.118588488121
"401",0.401,450,360.9,292.442023000963
"402",0.411,450,369.9,294.696390796034
"403",0.421,450,378.9,296.884845116485
"404",0.431,450,387.9,299.010342758416
"405",0.001,550,1.1,7.40824003761657
"406",0.011,550,12.1,46.9416552034268
"407",0.021,550,23.1,74.6628050694075
"408",0.031,550,34.1,97.3436662978301
"409",0.041,550,45.1,116.815053518973
"410",0.051,550,56.1,133.968097975252
"411",0.061,550,67.1,149.331496489492
"412",0.071,550,78.1,163.254677741833
"413",0.081,550,89.1,175.985082441563
"414",0.091,550,100.1,187.706571339358
"415",0.101,550,111.1,198.560710068899
"416",0.111,550,122.1,208.659526408413
"417",0.121,550,133.1,218.093624198143
"418",0.131,550,144.1,226.937590406499
"419",0.141,550,155.1,235.253736659557
"420",0.151,550,166.1,243.094769965073
"421",0.161,550,177.1,250.505749451728
"422",0.171,550,188.1,257.525552180696
"423",0.181,550,199.1,264.18799240652
"424",0.191,550,210.1,270.522690573107
"425",0.201,550,221.1,276.555757947499
"426",0.211,550,232.1,282.310343037201
"427",0.221,550,243.1,287.807072760076
"428",0.231,550,254.1,293.064412347827
"429",0.241,550,265.1,298.098961709142
"430",0.001,650,1.3,8.64161137136526
"431",0.011,650,14.3,55.3852414917693
"432",0.021,650,27.3,88.149407173609
"433",0.031,650,40.3,114.956095557797
"434",0.041,650,53.3,137.96951805844
"435",0.051,650,66.3,158.242945021633
"436",0.061,650,79.3,176.401241598062
"437",0.071,650,92.3,192.857388654803
"438",0.081,650,105.3,207.903827309176
"439",0.091,650,118.3,221.757854800305
"440",0.101,650,131.3,234.586781171561
"441",0.111,650,144.3,246.523006899985
"442",0.121,650,157.3,257.673612513388
"443",0.131,650,170.3,268.126749003396
"444",0.141,650,183.3,277.956059776869
"445",0.151,650,196.3,287.22383705584
"446",0.161,650,209.3,295.983334446393
"447",0.001,750,1.5,9.87737362749371
"448",0.011,750,16.5,63.8291093406427
"449",0.021,750,31.5,101.636156914188
"450",0.031,750,46.5,132.568624695851
"451",0.041,750,61.5,159.124057950888
"452",0.051,750,76.5,182.517852478538
"453",0.061,750,91.5,203.471037050064
"454",0.071,750,106.5,222.460142662459
"455",0.081,750,121.5,239.822609799261
"456",0.091,750,136.5,255.809171603871
"457",0.101,750,151.5,270.612882176353
"458",0.111,750,166.5,284.386514466644
"459",0.121,750,181.5,297.253625538786
"460",0.001,850,1.7,11.1147688120766
"461",0.011,850,18.7,72.2731595164341
"462",0.021,850,35.7,115.123002204565
"463",0.031,850,52.7,150.181218467248
"464",0.041,850,69.7,180.278646603891
"465",0.051,850,86.7,206.79279902603
"466",0.061,850,103.7,230.540865078061
"467",0.071,850,120.7,252.062924555439
"468",0.081,850,137.7,271.741416633654
"469",0.091,850,154.7,289.860509982324
"470",0.001,950,1.9,12.3533258908461
"471",0.011,950,20.9,80.717334505757
"472",0.021,950,39.9,128.609912880304
"473",0.031,950,58.9,167.793856464316
"474",0.041,950,77.9,201.433268620615
"475",0.051,950,96.9,231.067772320356
"476",0.061,950,115.9,257.610715395272
"477",0.071,950,134.9,281.66572552809
"478",0.001,1050,2.1,13.5927375398931
"479",0.011,1050,23.1,89.1615986791542
"480",0.021,1050,44.1,142.096870264429
"481",0.031,1050,65.1,185.406526052567
"482",0.041,1050,86.1,222.587914469181
"483",0.051,1050,107.1,255.342764719882
"484",0.061,1050,128.1,284.680581633536
"485",0.001,1150,2.3,14.8327951420672
"486",0.011,1150,25.3,97.6059287880938
"487",0.021,1150,48.3,155.583862174578
"488",0.031,1150,71.3,203.01921899158
"489",0.041,1150,94.3,243.742577932915
"490",0.051,1150,117.3,279.617771240813
"491",0.001,1250,2.5,16.0733523439908
"492",0.011,1250,27.5,106.050309017632
"493",0.021,1250,52.5,169.070880325887
"494",0.031,1250,77.5,220.631929677602
"495",0.041,1250,102.5,264.897254784362
"496",0.001,1350,2.7,17.3143035768244
"497",0.011,1350,29.7,114.494728235579
"498",0.021,1350,56.7,182.557918887812
"499",0.031,1350,83.7,238.24465416711
"500",0.041,1350,110.7,286.051942048586
"501",0.001,1450,2.9,18.5555708550985
"502",0.011,1450,31.9,122.939178378924
"503",0.021,1450,60.9,196.044973637978
"504",0.031,1450,89.9,255.857389604369
"505",0.001,1550,3.1,19.7970953687975
"506",0.011,1550,34.1,131.383653464397
"507",0.021,1550,65.1,209.532041443509
"508",0.031,1550,96.1,273.470133870563
"509",0.001,1650,3.3,21.038831961043
"510",0.011,1650,36.3,139.828148958587
"511",0.021,1650,69.3,223.019119930919
"512",0.031,1650,102.3,291.082885360498
"513",0.001,1750,3.5,22.2807454024222
"514",0.011,1750,38.5,148.272661363894
"515",0.021,1750,73.5,236.506207269179
"516",0.001,1850,3.7,23.5228078173592
"517",0.011,1850,40.7,156.717187938697
"518",0.021,1850,77.7,249.99330202312
"519",0.001,1950,3.9,24.7649968686445
"520",0.011,1950,42.9,165.161726503588
"521",0.021,1950,81.9,263.480403051942
"522",0.001,2050,4.1,26.0072944525619
"523",0.011,2050,45.1,173.606275304295
"524",0.021,2050,86.1,276.967509437424
"525",0.001,2150,4.3,27.2496857450839
"526",0.011,2150,47.3,182.050832912839
"527",0.021,2150,90.3,290.454620432164
"528",0.001,2250,4.5,28.4921584939866
"529",0.011,2250,49.5,190.495398155048
"530",0.001,2350,4.7,29.7347024861636
"531",0.011,2350,51.7,198.939970056567
"532",0.001,2450,4.9,30.9773091416902
"533",0.011,2450,53.9,207.384547802091
"534",0.001,2550,5.1,32.2199712008809
"535",0.011,2550,56.1,215.829130704182
"536",0.001,2650,5.3,33.4626824804618
"537",0.011,2650,58.3,224.273718179151
"538",0.001,2750,5.5,34.7054376817221
"539",0.011,2750,60.5,232.718309728197
"540",0.001,2850,5.7,35.9482322381883
"541",0.011,2850,62.7,241.162904922516
"542",0.001,2950,5.9,37.1910621936587
"543",0.011,2950,64.9,249.607503391438
"544",0.001,3050,6.1,38.4339241037782
"545",0.011,3050,67.1,258.052104812903
"546",0.001,3150,6.3,39.6768149560284
"547",0.011,3150,69.3,266.496708905739
"548",0.001,3250,6.5,40.9197321042428
"549",0.011,3250,71.5,274.94131542338
"550",0.001,3350,6.7,42.1626732146653
"551",0.011,3350,73.7,283.385924148695
"552",0.001,3450,6.9,43.4056362212506
"553",0.011,3450,75.9,291.830534889726
"554",0.001,3550,7.1,44.6486192884129
"555",0.001,3650,7.3,45.8916207798169
"556",0.001,3750,7.5,47.1346392320986
"557",0.001,3850,7.7,48.3776733326324
"558",0.001,3950,7.9,49.6207219006369
"559",0.001,4050,8.1,50.8637838710495
"560",0.001,4150,8.3,52.1068582807079
"561",0.001,4250,8.5,53.3499442564633
"562",0.001,4350,8.7,54.5930410049175
"563",0.001,4450,8.9,55.8361478035317
"564",0.001,4550,9.1,57.079263992897
"565",0.001,4650,9.3,58.3223889699947
"566",0.001,4750,9.5,59.5655221823001
"567",0.001,4850,9.7,60.8086631226116
"568",0.001,4950,9.9,62.0518113245006
"569",0.001,5050,10.1,63.2949663582994
"570",0.001,5150,10.3,64.5381278275523
"571",0.001,5250,10.5,65.7812953658704
"572",0.001,5350,10.7,67.0244686341367
"573",0.001,5450,10.9,68.2676473180168
"574",0.001,5550,11.1,69.5108311257376
"575",0.001,5650,11.3,70.7540197861
"576",0.001,5750,11.5,71.9972130466984
"577",0.001,5850,11.7,73.2404106723217
"578",0.001,5950,11.9,74.4836124435142
"579",0.001,6050,12.1,75.7268181552796
"580",0.001,6150,12.3,76.9700276159096
"581",0.001,6250,12.5,78.2132406459253
"582",0.001,6350,12.7,79.4564570771179
"583",0.001,6450,12.9,80.6996767516783
"584",0.001,6550,13.1,81.942899521406
"585",0.001,6650,13.3,83.1861252469892
"586",0.001,6750,13.5,84.4293537973486
"587",0.001,6850,13.7,85.6725850490384
"588",0.001,6950,13.9,86.9158188856988
"589",0.001,7050,14.1,88.1590551975552
"590",0.001,7150,14.3,89.402293880959
"591",0.001,7250,14.5,90.645534837966
"592",0.001,7350,14.7,91.8887779759503
"593",0.001,7450,14.9,93.1320232072473
"594",0.001,7550,15.1,94.3752704488269
"595",0.001,7650,15.3,95.6185196219907
"596",0.001,7750,15.5,96.8617706520937
"597",0.001,7850,15.7,98.1050234682868
"598",0.001,7950,15.9,99.3482780032781
"599",0.001,8050,16.1,100.591534193113
"600",0.001,8150,16.3,101.83479197697
"601",0.001,8250,16.5,103.078051296971
"602",0.001,8350,16.7,104.321312098005
"603",0.001,8450,16.9,105.564574327566
"604",0.001,8550,17.1,106.807837935599
"605",0.001,8650,17.3,108.05110287436
"606",0.001,8750,17.5,109.294369098285
"607",0.001,8850,17.7,110.537636563866
"608",0.001,8950,17.9,111.780905229534
"609",0.001,9050,18.1,113.024175055558
"610",0.001,9150,18.3,114.267446003938
"611",0.001,9250,18.5,115.510718038317
"612",0.001,9350,18.7,116.753991123891
"613",0.001,9450,18.9,117.997265227326
"614",0.001,9550,19.1,119.240540316683
"615",0.001,9650,19.3,120.483816361344
"616",0.001,9750,19.5,121.727093331947
"617",0.001,9850,19.7,122.97037120032
"618",0.001,9950,19.9,124.213649939422
"619",0.001,10050,20.1,125.456929523288
"620",0.001,10150,20.3,126.700209926973
"621",0.001,10250,20.5,127.943491126505
"622",0.001,10350,20.7,129.186773098839
"623",0.001,10450,20.9,130.430055821809
"624",0.001,10550,21.1,131.67333927409
"625",0.001,10650,21.3,132.916623435156
"626",0.001,10750,21.5,134.159908285244
"627",0.001,10850,21.7,135.403193805319
"628",0.001,10950,21.9,136.646479977041
"629",0.001,11050,22.1,137.889766782733
"630",0.001,11150,22.3,139.133054205351
"631",0.001,11250,22.5,140.376342228456
"632",0.001,11350,22.7,141.61963083619
"633",0.001,11450,22.9,142.862920013247
"634",0.001,11550,23.1,144.106209744849
"635",0.001,11650,23.3,145.349500016728
"636",0.001,11750,23.5,146.592790815099
"637",0.001,11850,23.7,147.836082126644
"638",0.001,11950,23.9,149.079373938487
"639",0.001,12050,24.1,150.322666238182
"640",0.001,12150,24.3,151.565959013692
"641",0.001,12250,24.5,152.809252253372
"642",0.001,12350,24.7,154.052545945953
"643",0.001,12450,24.9,155.295840080531
"644",0.001,12550,25.1,156.539134646545
"645",0.001,12650,25.3,157.782429633771
"646",0.001,12750,25.5,159.025725032304
"647",0.001,12850,25.7,160.269020832547
"648",0.001,12950,25.9,161.5123170252
"649",0.001,13050,26.1,162.755613601248
"650",0.001,13150,26.3,163.998910551948
"651",0.001,13250,26.5,165.242207868823
"652",0.001,13350,26.7,166.485505543649
"653",0.001,13450,26.9,167.728803568446
"654",0.001,13550,27.1,168.972101935471
"655",0.001,13650,27.3,170.215400637205
"656",0.001,13750,27.5,171.45869966635
"657",0.001,13850,27.7,172.701999015818
"658",0.001,13950,27.9,173.945298678723
"659",0.001,14050,28.1,175.188598648377
"660",0.001,14150,28.3,176.431898918279
"661",0.001,14250,28.5,177.675199482112
"662",0.001,14350,28.7,178.918500333732
"663",0.001,14450,28.9,180.16180146717
"664",0.001,14550,29.1,181.405102876615
"665",0.001,14650,29.3,182.648404556421
"666",0.001,14750,29.5,183.891706501088
"667",0.001,14850,29.7,185.135008705271
"668",0.001,14950,29.9,186.378311163763
"669",0.001,15050,30.1,187.621613871497
"670",0.001,15150,30.3,188.86491682354
"671",0.001,15250,30.5,190.108220015088
"672",0.001,15350,30.7,191.351523441462
"673",0.001,15450,30.9,192.594827098104
"674",0.001,15550,31.1,193.838130980574
"675",0.001,15650,31.3,195.081435084545
"676",0.001,15750,31.5,196.324739405798
"677",0.001,15850,31.7,197.568043940224
"678",0.001,15950,31.9,198.811348683814
"679",0.001,16050,32.1,200.05465363266
"680",0.001,16150,32.3,201.297958782951
"681",0.001,16250,32.5,202.541264130969
"682",0.001,16350,32.7,203.784569673087
"683",0.001,16450,32.9,205.027875405768
"684",0.001,16550,33.1,206.271181325558
"685",0.001,16650,33.3,207.514487429087
"686",0.001,16750,33.5,208.757793713065
"687",0.001,16850,33.7,210.001100174281
"688",0.001,16950,33.9,211.244406809598
"689",0.001,17050,34.1,212.487713615955
"690",0.001,17150,34.3,213.731020590361
"691",0.001,17250,34.5,214.974327729894
"692",0.001,17350,34.7,216.217635031699
"693",0.001,17450,34.9,217.460942492988
"694",0.001,17550,35.1,218.704250111036
"695",0.001,17650,35.3,219.947557883179
"696",0.001,17750,35.5,221.190865806813
"697",0.001,17850,35.7,222.434173879393
"698",0.001,17950,35.9,223.677482098431
"699",0.001,18050,36.1,224.920790461493
"700",0.001,18150,36.3,226.164098966199
"701",0.001,18250,36.5,227.407407610221
"702",0.001,18350,36.7,228.650716391284
"703",0.001,18450,36.9,229.894025307158
"704",0.001,18550,37.1,231.137334355664
"705",0.001,18650,37.3,232.38064353467
"706",0.001,18750,37.5,233.623952842088
"707",0.001,18850,37.7,234.867262275875
"708",0.001,18950,37.9,236.110571834031
"709",0.001,19050,38.1,237.353881514598
"710",0.001,19150,38.3,238.597191315658
"711",0.001,19250,38.5,239.840501235335
"712",0.001,19350,38.7,241.08381127179
"713",0.001,19450,38.9,242.327121423222
"714",0.001,19550,39.1,243.570431687868
"715",0.001,19650,39.3,244.813742063999
"716",0.001,19750,39.5,246.057052549922
"717",0.001,19850,39.7,247.300363143978
"718",0.001,19950,39.9,248.543673844543
"719",0.001,20050,40.1,249.786984650022
"720",0.001,20150,40.3,251.030295558853
"721",0.001,20250,40.5,252.273606569507
"722",0.001,20350,40.7,253.516917680483
"723",0.001,20450,40.9,254.760228890308
"724",0.001,20550,41.1,256.003540197541
"725",0.001,20650,41.3,257.246851600767
"726",0.001,20750,41.5,258.490163098597
"727",0.001,20850,41.7,259.733474689672
"728",0.001,20950,41.9,260.976786372655
"729",0.001,21050,42.1,262.220098146239
"730",0.001,21150,42.3,263.463410009137
"731",0.001,21250,42.5,264.70672196009
"732",0.001,21350,42.7,265.950033997859
"733",0.001,21450,42.9,267.193346121232
"734",0.001,21550,43.1,268.436658329017
"735",0.001,21650,43.3,269.679970620044
"736",0.001,21750,43.5,270.923282993165
"737",0.001,21850,43.7,272.166595447254
"738",0.001,21950,43.9,273.409907981204
"739",0.001,22050,44.1,274.653220593929
"740",0.001,22150,44.3,275.896533284362
"741",0.001,22250,44.5,277.139846051456
"742",0.001,22350,44.7,278.383158894181
"743",0.001,22450,44.9,279.626471811528
"744",0.001,22550,45.1,280.869784802503
"745",0.001,22650,45.3,282.113097866132
"746",0.001,22750,45.5,283.356411001457
"747",0.001,22850,45.7,284.599724207536
"748",0.001,22950,45.9,285.843037483446
"749",0.001,23050,46.1,287.086350828277
"750",0.001,23150,46.3,288.329664241136
"751",0.001,23250,46.5,289.572977721146
"752",0.001,23350,46.7,290.816291267444
"753",0.001,23450,46.9,292.059604879182
"754",0.001,23550,47.1,293.302918555527
"755",0.001,23650,47.3,294.54623229566
"756",0.001,23750,47.5,295.789546098774
"757",0.001,23850,47.7,297.032859964078
"758",0.001,23950,47.9,298.276173890793
"759",0.001,24050,48.1,299.519487878153
